{
    "manufacturer": "Brandon Zhang",
    "keyboard_name": "cloud40",
    "maintainer": "Nickletart",
    "bootloader": "atmel-dfu",
    "diode_direction": "COL2ROW",
    "features": {
        "bootmagic": true,
        "command": false,
        "console": false,
        "extrakey": true,
        "mousekey": true,
        "nkro": true
    },
    "matrix_pins": {
        "cols": ["B5", "B4", "E6", "D7", "C6", "D4"],
        "rows": ["B1", "B3", "B2", "B6" ]
    },
    "processor": "atmega32u4",
    "url": "",
    "usb": {
        "device_version": "1.0.0",
        "pid": "0x0000",
        "vid": "0xFEED"
    },
    "layouts": {
        "LAYOUT": {
            "layout": [
                {"matrix": [0, 0], "x": 0, "y": 0},
                {"matrix": [0, 1], "x": 1, "y": 0},
                {"matrix": [0, 2], "x": 2, "y": 0},
                {"matrix": [0, 3], "x": 3, "y": 0},
                {"matrix": [0, 4], "x": 4, "y": 0},
                {"matrix": [0, 5], "x": 5, "y": 0},

                {"matrix": [1, 0], "x": 0, "y": 1},
                {"matrix": [1, 1], "x": 1, "y": 1},
                {"matrix": [1, 2], "x": 2, "y": 1},
                {"matrix": [1, 3], "x": 3, "y": 1},
                {"matrix": [1, 4], "x": 4, "y": 1},
                {"matrix": [1, 5], "x": 5, "y": 1},

                {"matrix": [2, 0], "x": 0, "y": 2},
                {"matrix": [2, 1], "x": 1, "y": 2},
                {"matrix": [2, 2], "x": 2, "y": 2},
                {"matrix": [2, 3], "x": 3, "y": 2},
                {"matrix": [2, 4], "x": 4, "y": 2},
                {"matrix": [2, 5], "x": 5, "y": 2},

                {"matrix": [3, 0], "x": 0, "y": 3},
                {"matrix": [3, 1], "x": 1, "y": 3},
                {"matrix": [3, 2], "x": 2, "y": 3},
                {"matrix": [3, 3], "x": 3, "y": 3},
                {"matrix": [3, 4], "x": 4, "y": 3},
                {"matrix": [3, 5], "x": 5, "y": 3},

                {"matrix": [4, 0], "x": 0, "y": 4},
                {"matrix": [4, 1], "x": 1, "y": 4},
                {"matrix": [4, 2], "x": 2, "y": 4},
                {"matrix": [4, 3], "x": 3, "y": 4},
                {"matrix": [4, 4], "x": 4, "y": 4},
                {"matrix": [4, 5], "x": 5, "y": 4},
                {"matrix": [5, 0], "x": 0, "y": 5},

                {"matrix": [5, 1], "x": 1, "y": 5},
                {"matrix": [5, 2], "x": 2, "y": 5},
                {"matrix": [5, 3], "x": 3, "y": 5},
                {"matrix": [5, 4], "x": 4, "y": 5},
                {"matrix": [5, 5], "x": 5, "y": 5},

                {"matrix": [6, 0], "x": 0, "y": 6},
                {"matrix": [6, 1], "x": 1, "y": 6},
                {"matrix": [6, 2], "x": 2, "y": 6},
                {"matrix": [6, 3], "x": 3, "y": 6},
                {"matrix": [6, 4], "x": 4, "y": 6},
                {"matrix": [6, 5], "x": 5, "y": 6},

                {"matrix": [7, 0], "x": 0, "y": 7},
                {"matrix": [7, 1], "x": 1, "y": 7},
                {"matrix": [7, 2], "x": 2, "y": 7},
                {"matrix": [7, 3], "x": 3, "y": 7},
                {"matrix": [7, 4], "x": 4, "y": 7},
                {"matrix": [7, 5], "x": 5, "y": 7}
            ]
        }
    }
}